Time,Float_Position,Float_Angle,Posit_Position,Posit_Angle,Quire_Position,Quire_Angle
0,0,0.05,0,0.05,0,0.05
0.02,0,0.05,0,0.05,0,0.05
0.04,-0.000458789,0.0489236,-0.000458789,0.0489236,-0.000458789,0.0489236
0.06,-0.00129355,0.0470444,-0.00129355,0.0470444,-0.00129355,0.0470444
0.08,-0.00243428,0.0445839,-0.00243428,0.0445839,-0.00243428,0.0445839
0.1,-0.0038219,0.0417204,-0.0038219,0.0417204,-0.0038219,0.0417204
0.12,-0.00540661,0.0385967,-0.00540661,0.0385967,-0.00540661,0.0385967
0.14,-0.00714647,0.0353257,-0.00714647,0.0353257,-0.00714647,0.0353257
0.16,-0.0090062,0.0319961,-0.0090062,0.0319961,-0.0090062,0.0319961
0.18,-0.0109562,0.0286766,-0.0109562,0.0286766,-0.0109562,0.0286766
0.2,-0.0129717,0.0254195,-0.0129717,0.0254195,-0.0129717,0.0254195
0.22,-0.015032,0.0222639,-0.015032,0.0222639,-0.015032,0.0222639
0.24,-0.0171197,0.0192378,-0.0171197,0.0192378,-0.0171197,0.0192378
0.26,-0.0192205,0.0163609,-0.0192205,0.016361,-0.0192205,0.0163609
0.28,-0.0213224,0.0136458,-0.0213224,0.0136458,-0.0213224,0.0136458
0.3,-0.0234155,0.0110994,-0.0234155,0.0110994,-0.0234155,0.0110994
0.32,-0.0254918,0.00872461,-0.0254918,0.00872461,-0.0254918,0.00872461
0.34,-0.0275445,0.00652084,-0.0275445,0.00652083,-0.0275445,0.00652083
0.36,-0.0295682,0.00448497,-0.0295682,0.00448497,-0.0295682,0.00448497
0.38,-0.0315586,0.00261202,-0.0315586,0.00261201,-0.0315586,0.00261201
0.4,-0.0335121,0.00089561,-0.0335121,0.000895608,-0.0335121,0.000895608
0.42,-0.0354259,-0.000671556,-0.0354259,-0.000671558,-0.0354259,-0.000671558
0.44,-0.0372978,-0.0020974,-0.0372978,-0.0020974,-0.0372978,-0.0020974
0.46,-0.0391261,-0.00339017,-0.0391261,-0.00339017,-0.0391261,-0.00339017
0.48,-0.0409095,-0.00455825,-0.0409095,-0.00455825,-0.0409095,-0.00455825
0.5,-0.0426472,-0.00561,-0.0426472,-0.00561001,-0.0426472,-0.00561001
0.52,-0.0443385,-0.00655362,-0.0443385,-0.00655363,-0.0443385,-0.00655363
0.54,-0.045983,-0.00739706,-0.045983,-0.00739706,-0.045983,-0.00739706
0.56,-0.0475805,-0.00814795,-0.0475805,-0.00814795,-0.0475805,-0.00814795
0.58,-0.049131,-0.00881357,-0.049131,-0.00881357,-0.049131,-0.00881357
0.6,-0.0506346,-0.00940082,-0.0506346,-0.00940082,-0.0506346,-0.00940082
0.62,-0.0520914,-0.00991618,-0.0520914,-0.00991619,-0.0520914,-0.00991619
0.64,-0.0535019,-0.0103657,-0.0535019,-0.0103657,-0.0535019,-0.0103657
0.66,-0.0548663,-0.0107552,-0.0548663,-0.0107552,-0.0548663,-0.0107552
0.68,-0.056185,-0.0110897,-0.056185,-0.0110897,-0.056185,-0.0110897
0.7,-0.0574586,-0.0113743,-0.0574586,-0.0113743,-0.0574586,-0.0113743
0.72,-0.0586876,-0.0116134,-0.0586876,-0.0116134,-0.0586876,-0.0116134
0.74,-0.0598723,-0.0118112,-0.0598724,-0.0118112,-0.0598724,-0.0118112
0.76,-0.0610135,-0.0119715,-0.0610136,-0.0119715,-0.0610136,-0.0119715
0.78,-0.0621117,-0.0120978,-0.0621117,-0.0120978,-0.0621117,-0.0120978
0.8,-0.0631675,-0.0121934,-0.0631675,-0.0121934,-0.0631675,-0.0121934
0.82,-0.0641813,-0.0122611,-0.0641813,-0.0122611,-0.0641813,-0.0122611
0.84,-0.0651539,-0.0123036,-0.0651539,-0.0123036,-0.0651539,-0.0123036
0.86,-0.0660858,-0.0123235,-0.0660858,-0.0123235,-0.0660858,-0.0123235
0.88,-0.0669776,-0.0123228,-0.0669776,-0.0123228,-0.0669776,-0.0123228
0.9,-0.0678299,-0.0123037,-0.0678299,-0.0123037,-0.0678299,-0.0123037
0.92,-0.0686432,-0.012268,-0.0686433,-0.012268,-0.0686433,-0.012268
0.94,-0.0694183,-0.0122173,-0.0694183,-0.0122173,-0.0694183,-0.0122173
0.96,-0.0701556,-0.0121532,-0.0701556,-0.0121532,-0.0701556,-0.0121532
0.98,-0.0708558,-0.0120771,-0.0708558,-0.0120771,-0.0708558,-0.0120771
1,-0.0715194,-0.0119901,-0.0715194,-0.0119901,-0.0715194,-0.0119901
1.02,-0.072147,-0.0118934,-0.072147,-0.0118934,-0.072147,-0.0118934
1.04,-0.0727392,-0.0117881,-0.0727392,-0.0117881,-0.0727392,-0.0117881
1.06,-0.0732966,-0.011675,-0.0732966,-0.011675,-0.0732966,-0.011675
1.08,-0.0738196,-0.011555,-0.0738196,-0.011555,-0.0738196,-0.011555
1.1,-0.074309,-0.0114289,-0.074309,-0.0114289,-0.074309,-0.0114289
1.12,-0.0747652,-0.0112973,-0.0747652,-0.0112973,-0.0747652,-0.0112973
1.14,-0.0751888,-0.0111609,-0.0751888,-0.0111609,-0.0751888,-0.0111609
1.16,-0.0755803,-0.0110202,-0.0755803,-0.0110202,-0.0755803,-0.0110202
1.18,-0.0759404,-0.0108757,-0.0759404,-0.0108757,-0.0759404,-0.0108757
1.2,-0.0762694,-0.0107279,-0.0762694,-0.0107279,-0.0762694,-0.0107279
1.22,-0.0765681,-0.0105773,-0.0765681,-0.0105773,-0.0765681,-0.0105773
1.24,-0.0768369,-0.0104241,-0.0768369,-0.0104241,-0.0768369,-0.0104241
1.26,-0.0770764,-0.0102687,-0.0770763,-0.0102687,-0.0770763,-0.0102687
1.28,-0.077287,-0.0101114,-0.077287,-0.0101114,-0.077287,-0.0101114
1.3,-0.0774694,-0.0099526,-0.0774693,-0.0099526,-0.0774693,-0.0099526
1.32,-0.077624,-0.00979244,-0.077624,-0.00979244,-0.077624,-0.00979244
1.34,-0.0777513,-0.00963119,-0.0777513,-0.00963119,-0.0777513,-0.00963119
1.36,-0.077852,-0.00946905,-0.077852,-0.00946905,-0.077852,-0.00946905
1.38,-0.0779264,-0.00930622,-0.0779264,-0.00930622,-0.0779264,-0.00930622
1.4,-0.0779752,-0.00914287,-0.0779752,-0.00914287,-0.0779752,-0.00914287
1.42,-0.0779988,-0.00897917,-0.0779988,-0.00897917,-0.0779988,-0.00897917
1.44,-0.0779977,-0.00881525,-0.0779977,-0.00881525,-0.0779977,-0.00881525
1.46,-0.0779725,-0.00865126,-0.0779725,-0.00865126,-0.0779725,-0.00865126
1.48,-0.0779236,-0.00848732,-0.0779236,-0.00848732,-0.0779236,-0.00848732
1.5,-0.0778515,-0.00832354,-0.0778515,-0.00832354,-0.0778515,-0.00832354
1.52,-0.0777567,-0.00816002,-0.0777567,-0.00816002,-0.0777567,-0.00816002
1.54,-0.0776397,-0.00799686,-0.0776397,-0.00799686,-0.0776397,-0.00799686
1.56,-0.0775011,-0.00783415,-0.0775011,-0.00783415,-0.0775011,-0.00783415
1.58,-0.0773412,-0.00767197,-0.0773412,-0.00767197,-0.0773412,-0.00767197
1.6,-0.0771606,-0.00751039,-0.0771606,-0.00751038,-0.0771606,-0.00751038
1.62,-0.0769597,-0.00734948,-0.0769597,-0.00734948,-0.0769597,-0.00734948
1.64,-0.076739,-0.0071893,-0.076739,-0.0071893,-0.076739,-0.0071893
1.66,-0.076499,-0.00702993,-0.076499,-0.00702993,-0.076499,-0.00702993
1.68,-0.0762401,-0.0068714,-0.0762401,-0.0068714,-0.0762401,-0.0068714
1.7,-0.0759628,-0.00671378,-0.0759628,-0.00671378,-0.0759628,-0.00671378
1.72,-0.0756676,-0.00655711,-0.0756676,-0.00655711,-0.0756676,-0.00655711
1.74,-0.0753549,-0.00640144,-0.0753549,-0.00640144,-0.0753549,-0.00640144
1.76,-0.0750252,-0.00624681,-0.0750251,-0.00624681,-0.0750251,-0.00624681
1.78,-0.0746788,-0.00609325,-0.0746788,-0.00609325,-0.0746788,-0.00609325
1.8,-0.0743163,-0.00594081,-0.0743163,-0.00594081,-0.0743163,-0.00594081
1.82,-0.0739381,-0.00578952,-0.0739381,-0.00578952,-0.0739381,-0.00578952
1.84,-0.0735446,-0.00563941,-0.0735446,-0.00563941,-0.0735446,-0.00563941
1.86,-0.0731363,-0.00549052,-0.0731363,-0.00549052,-0.0731363,-0.00549052
1.88,-0.0727135,-0.00534286,-0.0727135,-0.00534286,-0.0727135,-0.00534286
1.9,-0.0722767,-0.00519647,-0.0722767,-0.00519647,-0.0722767,-0.00519647
1.92,-0.0718264,-0.00505138,-0.0718264,-0.00505138,-0.0718264,-0.00505138
1.94,-0.0713629,-0.0049076,-0.0713628,-0.0049076,-0.0713628,-0.0049076
1.96,-0.0708866,-0.00476516,-0.0708865,-0.00476516,-0.0708865,-0.00476516
1.98,-0.0703979,-0.00462408,-0.0703979,-0.00462408,-0.0703979,-0.00462408
2,-0.0698973,-0.00448438,-0.0698973,-0.00448438,-0.0698973,-0.00448438
2.02,-0.0693851,-0.00434608,-0.0693851,-0.00434608,-0.0693851,-0.00434608
2.04,-0.0688618,-0.00420919,-0.0688617,-0.00420919,-0.0688617,-0.00420919
2.06,-0.0683276,-0.00407374,-0.0683276,-0.00407374,-0.0683276,-0.00407374
2.08,-0.0677831,-0.00393973,-0.0677831,-0.00393973,-0.0677831,-0.00393973
2.1,-0.0672285,-0.00380718,-0.0672285,-0.00380718,-0.0672285,-0.00380718
2.12,-0.0666643,-0.00367611,-0.0666643,-0.00367611,-0.0666643,-0.00367611
2.14,-0.0660908,-0.00354652,-0.0660908,-0.00354652,-0.0660908,-0.00354652
2.16,-0.0655084,-0.00341843,-0.0655083,-0.00341843,-0.0655083,-0.00341843
2.18,-0.0649174,-0.00329186,-0.0649173,-0.00329185,-0.0649173,-0.00329185
2.2,-0.0643182,-0.00316679,-0.0643181,-0.00316679,-0.0643181,-0.00316679
2.22,-0.0637111,-0.00304326,-0.0637111,-0.00304326,-0.0637111,-0.00304326
2.24,-0.0630966,-0.00292126,-0.0630965,-0.00292126,-0.0630965,-0.00292126
2.26,-0.0624749,-0.00280081,-0.0624748,-0.00280081,-0.0624748,-0.00280081
2.28,-0.0618463,-0.00268191,-0.0618463,-0.00268191,-0.0618463,-0.00268191
2.3,-0.0612113,-0.00256456,-0.0612112,-0.00256456,-0.0612112,-0.00256456
2.32,-0.06057,-0.00244878,-0.06057,-0.00244878,-0.06057,-0.00244878
2.34,-0.0599229,-0.00233456,-0.0599229,-0.00233456,-0.0599229,-0.00233456
2.36,-0.0592703,-0.00222192,-0.0592703,-0.00222191,-0.0592703,-0.00222191
2.38,-0.0586125,-0.00211085,-0.0586125,-0.00211084,-0.0586125,-0.00211084
2.4,-0.0579498,-0.00200135,-0.0579497,-0.00200135,-0.0579497,-0.00200135
2.42,-0.0572825,-0.00189344,-0.0572824,-0.00189344,-0.0572824,-0.00189344
2.44,-0.0566108,-0.00178711,-0.0566108,-0.00178711,-0.0566108,-0.00178711
2.46,-0.0559352,-0.00168236,-0.0559351,-0.00168236,-0.0559351,-0.00168236
2.48,-0.0552558,-0.0015792,-0.0552557,-0.0015792,-0.0552557,-0.0015792
2.5,-0.054573,-0.00147762,-0.0545729,-0.00147762,-0.0545729,-0.00147762
2.52,-0.053887,-0.00137763,-0.0538869,-0.00137762,-0.0538869,-0.00137762
2.54,-0.0531981,-0.00127922,-0.0531981,-0.00127921,-0.0531981,-0.00127921
2.56,-0.0525067,-0.00118239,-0.0525066,-0.00118239,-0.0525066,-0.00118239
2.58,-0.0518128,-0.00108714,-0.0518128,-0.00108714,-0.0518128,-0.00108714
2.6,-0.051117,-0.000993472,-0.0511169,-0.000993467,-0.0511169,-0.000993467
2.62,-0.0504192,-0.000901377,-0.0504192,-0.000901373,-0.0504192,-0.000901373
2.64,-0.04972,-0.000810855,-0.0497199,-0.000810851,-0.0497199,-0.000810851
2.66,-0.0490193,-0.000721902,-0.0490193,-0.000721897,-0.0490193,-0.000721897
2.68,-0.0483177,-0.000634514,-0.0483176,-0.000634509,-0.0483176,-0.000634509
2.7,-0.0476151,-0.000548686,-0.0476151,-0.000548681,-0.0476151,-0.000548681
2.72,-0.046912,-0.000464414,-0.0469119,-0.000464409,-0.0469119,-0.000464409
2.74,-0.0462085,-0.000381692,-0.0462084,-0.000381687,-0.0462084,-0.000381687
2.76,-0.0455048,-0.000300515,-0.0455047,-0.000300511,-0.0455047,-0.000300511
2.78,-0.0448012,-0.000220878,-0.0448011,-0.000220873,-0.0448011,-0.000220873
2.8,-0.0440979,-0.000142773,-0.0440978,-0.000142769,-0.0440978,-0.000142769
2.82,-0.043395,-6.61946e-05,-0.043395,-6.61902e-05,-0.043395,-6.61902e-05
2.84,-0.0426929,8.86467e-06,-0.0426929,8.86912e-06,-0.0426929,8.86912e-06
2.86,-0.0419917,8.24121e-05,-0.0419917,8.24165e-05,-0.0419917,8.24165e-05
2.88,-0.0412916,0.000154455,-0.0412916,0.00015446,-0.0412916,0.00015446
2.9,-0.0405928,0.000225002,-0.0405928,0.000225006,-0.0405928,0.000225006
2.92,-0.0398955,0.000294061,-0.0398955,0.000294065,-0.0398955,0.000294065
2.94,-0.0391999,0.00036164,-0.0391998,0.000361644,-0.0391998,0.000361644
2.96,-0.0385061,0.000427748,-0.0385061,0.000427752,-0.0385061,0.000427752
2.98,-0.0378144,0.000492395,-0.0378143,0.000492399,-0.0378143,0.000492399
3,-0.0371248,0.00055559,-0.0371248,0.000555594,-0.0371248,0.000555594
3.02,-0.0364377,0.000617342,-0.0364376,0.000617346,-0.0364376,0.000617346
3.04,-0.0357531,0.000677661,-0.035753,0.000677665,-0.035753,0.000677665
3.06,-0.0350711,0.000736557,-0.0350711,0.000736561,-0.0350711,0.000736561
3.08,-0.0343921,0.000794042,-0.0343921,0.000794046,-0.0343921,0.000794046
3.1,-0.0337161,0.000850125,-0.033716,0.000850129,-0.033716,0.000850129
3.12,-0.0330432,0.000904817,-0.0330431,0.000904821,-0.0330431,0.000904821
3.14,-0.0323736,0.000958129,-0.0323736,0.000958133,-0.0323736,0.000958133
3.16,-0.0317075,0.00101007,-0.0317074,0.00101008,-0.0317074,0.00101008
3.18,-0.0310449,0.00106066,-0.0310449,0.00106066,-0.0310449,0.00106066
3.2,-0.0303861,0.0011099,-0.0303861,0.00110991,-0.0303861,0.00110991
3.22,-0.0297311,0.00115781,-0.0297311,0.00115781,-0.0297311,0.00115781
3.24,-0.0290801,0.0012044,-0.0290801,0.0012044,-0.0290801,0.0012044
3.26,-0.0284332,0.00124967,-0.0284332,0.00124968,-0.0284332,0.00124968
3.28,-0.0277905,0.00129365,-0.0277905,0.00129366,-0.0277905,0.00129366
3.3,-0.0271521,0.00133635,-0.0271521,0.00133635,-0.0271521,0.00133635
3.32,-0.0265182,0.00137777,-0.0265181,0.00137777,-0.0265181,0.00137777
3.34,-0.0258888,0.00141793,-0.0258887,0.00141794,-0.0258887,0.00141794
3.36,-0.025264,0.00145685,-0.025264,0.00145685,-0.025264,0.00145685
3.38,-0.024644,0.00149454,-0.0246439,0.00149454,-0.0246439,0.00149454
3.4,-0.0240288,0.001531,-0.0240288,0.001531,-0.0240288,0.001531
3.42,-0.0234186,0.00156626,-0.0234185,0.00156626,-0.0234185,0.00156626
3.44,-0.0228133,0.00160032,-0.0228133,0.00160032,-0.0228133,0.00160032
3.46,-0.0222132,0.0016332,-0.0222132,0.00163321,-0.0222132,0.00163321
3.48,-0.0216183,0.00166492,-0.0216183,0.00166492,-0.0216183,0.00166492
3.5,-0.0210287,0.00169548,-0.0210286,0.00169548,-0.0210286,0.00169548
3.52,-0.0204444,0.00172491,-0.0204444,0.00172491,-0.0204444,0.00172491
3.54,-0.0198655,0.00175321,-0.0198655,0.00175321,-0.0198655,0.00175321
3.56,-0.0192922,0.00178039,-0.0192921,0.0017804,-0.0192921,0.0017804
3.58,-0.0187243,0.00180648,-0.0187243,0.00180648,-0.0187243,0.00180648
3.6,-0.0181621,0.00183149,-0.0181621,0.00183149,-0.0181621,0.00183149
3.62,-0.0176056,0.00185543,-0.0176056,0.00185543,-0.0176056,0.00185543
3.64,-0.0170549,0.00187831,-0.0170548,0.00187831,-0.0170548,0.00187831
3.66,-0.0165099,0.00190015,-0.0165099,0.00190015,-0.0165099,0.00190015
3.68,-0.0159708,0.00192096,-0.0159708,0.00192096,-0.0159708,0.00192096
3.7,-0.0154376,0.00194076,-0.0154375,0.00194076,-0.0154375,0.00194076
3.72,-0.0149103,0.00195956,-0.0149103,0.00195956,-0.0149103,0.00195956
3.74,-0.014389,0.00197738,-0.014389,0.00197738,-0.014389,0.00197738
3.76,-0.0138738,0.00199422,-0.0138737,0.00199422,-0.0138737,0.00199422
3.78,-0.0133646,0.00201011,-0.0133645,0.00201011,-0.0133645,0.00201011
3.8,-0.0128615,0.00202506,-0.0128615,0.00202506,-0.0128615,0.00202506
3.82,-0.0123645,0.00203908,-0.0123645,0.00203908,-0.0123645,0.00203908
3.84,-0.0118738,0.00205219,-0.0118737,0.00205219,-0.0118737,0.00205219
3.86,-0.0113892,0.0020644,-0.0113891,0.0020644,-0.0113891,0.0020644
3.88,-0.0109108,0.00207573,-0.0109108,0.00207573,-0.0109108,0.00207573
3.9,-0.0104387,0.00208618,-0.0104387,0.00208619,-0.0104387,0.00208619
3.92,-0.00997283,0.00209578,-0.0099728,0.00209579,-0.0099728,0.00209579
3.94,-0.00951325,0.00210454,-0.00951322,0.00210454,-0.00951322,0.00210454
3.96,-0.00905997,0.00211247,-0.00905994,0.00211248,-0.00905994,0.00211248
3.98,-0.008613,0.00211959,-0.00861297,0.00211959,-0.00861297,0.00211959
4,-0.00817235,0.00212591,-0.00817233,0.00212591,-0.00817233,0.00212591
4.02,-0.00773804,0.00213145,-0.00773801,0.00213145,-0.00773801,0.00213145
4.04,-0.00731006,0.00213621,-0.00731004,0.00213621,-0.00731004,0.00213621
4.06,-0.00688843,0.00214022,-0.0068884,0.00214022,-0.0068884,0.00214022
4.08,-0.00647314,0.00214348,-0.00647312,0.00214348,-0.00647312,0.00214348
4.1,-0.00606421,0.00214601,-0.00606418,0.00214601,-0.00606418,0.00214601
4.12,-0.00566162,0.00214783,-0.00566159,0.00214783,-0.00566159,0.00214783
4.14,-0.00526537,0.00214895,-0.00526534,0.00214895,-0.00526534,0.00214895
4.16,-0.00487546,0.00214938,-0.00487543,0.00214938,-0.00487543,0.00214938
4.18,-0.00449188,0.00214914,-0.00449186,0.00214914,-0.00449186,0.00214914
4.2,-0.00411463,0.00214824,-0.0041146,0.00214824,-0.0041146,0.00214824
4.22,-0.00374368,0.00214669,-0.00374366,0.00214669,-0.00374366,0.00214669
4.24,-0.00337904,0.0021445,-0.00337902,0.0021445,-0.00337902,0.0021445
4.26,-0.00302069,0.0021417,-0.00302066,0.0021417,-0.00302066,0.0021417
4.28,-0.0026686,0.00213829,-0.00266858,0.00213829,-0.00266858,0.00213829
4.3,-0.00232277,0.00213429,-0.00232275,0.00213429,-0.00232275,0.00213429
4.32,-0.00198318,0.00212971,-0.00198316,0.00212971,-0.00198316,0.00212971
4.34,-0.0016498,0.00212456,-0.00164978,0.00212456,-0.00164978,0.00212456
4.36,-0.00132261,0.00211886,-0.00132259,0.00211886,-0.00132259,0.00211886
4.38,-0.0010016,0.00211262,-0.00100158,0.00211261,-0.00100158,0.00211261
4.4,-0.000686727,0.00210584,-0.000686708,0.00210584,-0.000686708,0.00210584
4.42,-0.000377975,0.00209856,-0.000377956,0.00209856,-0.000377957,0.00209856
4.44,-7.53145e-05,0.00209077,-7.52961e-05,0.00209077,-7.52966e-05,0.00209077
4.46,0.000221283,0.00208249,0.000221301,0.00208249,0.000221301,0.00208248
4.48,0.000511849,0.00207373,0.000511866,0.00207373,0.000511866,0.00207373
4.5,0.000796413,0.0020645,0.00079643,0.0020645,0.000796429,0.0020645
4.52,0.00107501,0.00205483,0.00107503,0.00205483,0.00107502,0.00205483
4.54,0.00134767,0.00204471,0.00134769,0.00204471,0.00134769,0.00204471
4.56,0.00161443,0.00203416,0.00161445,0.00203416,0.00161445,0.00203416
4.58,0.00187533,0.0020232,0.00187534,0.00202319,0.00187534,0.00202319
4.6,0.0021304,0.00201182,0.00213041,0.00201182,0.00213041,0.00201182
4.62,0.00237968,0.00200006,0.0023797,0.00200006,0.0023797,0.00200006
4.64,0.00262322,0.00198791,0.00262323,0.00198791,0.00262323,0.00198791
4.66,0.00286104,0.0019754,0.00286105,0.00197539,0.00286105,0.00197539
4.68,0.0030932,0.00196252,0.00309321,0.00196252,0.00309321,0.00196252
4.7,0.00331973,0.00194929,0.00331974,0.00194929,0.00331974,0.00194929
4.72,0.00354068,0.00193573,0.00354069,0.00193573,0.00354069,0.00193573
4.74,0.00375609,0.00192184,0.0037561,0.00192184,0.0037561,0.00192184
4.76,0.00396601,0.00190764,0.00396602,0.00190763,0.00396602,0.00190763
4.78,0.00417048,0.00189313,0.00417049,0.00189312,0.00417049,0.00189312
4.8,0.00436954,0.00187832,0.00436955,0.00187832,0.00436955,0.00187832
4.82,0.00456325,0.00186324,0.00456326,0.00186323,0.00456326,0.00186323
4.84,0.00475166,0.00184788,0.00475167,0.00184787,0.00475167,0.00184787
4.86,0.0049348,0.00183225,0.00493481,0.00183225,0.00493481,0.00183225
4.88,0.00511274,0.00181638,0.00511275,0.00181638,0.00511275,0.00181638
4.9,0.00528552,0.00180026,0.00528553,0.00180026,0.00528552,0.00180026
4.92,0.00545318,0.00178391,0.00545319,0.00178391,0.00545319,0.00178391
4.94,0.00561579,0.00176733,0.0056158,0.00176733,0.0056158,0.00176733
4.96,0.00577339,0.00175054,0.0057734,0.00175054,0.0057734,0.00175054
4.98,0.00592603,0.00173355,0.00592604,0.00173355,0.00592604,0.00173355
5,0.00607377,0.00171636,0.00607378,0.00171636,0.00607378,0.00171636
5.02,0.00621666,0.00169899,0.00621667,0.00169899,0.00621667,0.00169899
5.04,0.00635476,0.00168144,0.00635476,0.00168144,0.00635476,0.00168144
5.06,0.00648811,0.00166373,0.00648811,0.00166372,0.00648811,0.00166372
5.08,0.00661677,0.00164585,0.00661678,0.00164585,0.00661678,0.00164585
5.1,0.0067408,0.00162783,0.0067408,0.00162782,0.0067408,0.00162782
5.12,0.00686024,0.00160966,0.00686025,0.00160966,0.00686025,0.00160966
5.14,0.00697517,0.00159136,0.00697517,0.00159136,0.00697517,0.00159136
5.16,0.00708562,0.00157294,0.00708562,0.00157293,0.00708562,0.00157293
5.18,0.00719166,0.0015544,0.00719166,0.00155439,0.00719166,0.00155439
5.2,0.00729334,0.00153575,0.00729334,0.00153575,0.00729334,0.00153575
5.22,0.00739072,0.001517,0.00739072,0.001517,0.00739072,0.001517
5.24,0.00748385,0.00149816,0.00748386,0.00149816,0.00748386,0.00149816
5.26,0.0075728,0.00147923,0.0075728,0.00147923,0.0075728,0.00147923
5.28,0.00765762,0.00146023,0.00765762,0.00146023,0.00765762,0.00146023
5.3,0.00773836,0.00144116,0.00773836,0.00144116,0.00773836,0.00144116
5.32,0.00781508,0.00142202,0.00781508,0.00142202,0.00781508,0.00142202
5.34,0.00788784,0.00140283,0.00788784,0.00140283,0.00788784,0.00140283
5.36,0.00795669,0.0013836,0.00795669,0.00138359,0.00795669,0.00138359
5.38,0.0080217,0.00136432,0.0080217,0.00136432,0.0080217,0.00136432
5.4,0.00808292,0.001345,0.00808292,0.001345,0.00808292,0.001345
5.42,0.00814041,0.00132566,0.00814041,0.00132566,0.00814041,0.00132566
5.44,0.00819422,0.0013063,0.00819422,0.0013063,0.00819422,0.0013063
5.46,0.00824442,0.00128692,0.00824442,0.00128692,0.00824442,0.00128692
5.48,0.00829105,0.00126753,0.00829105,0.00126753,0.00829105,0.00126753
5.5,0.00833419,0.00124814,0.00833419,0.00124814,0.00833418,0.00124814
5.52,0.00837387,0.00122876,0.00837387,0.00122876,0.00837387,0.00122876
5.54,0.00841017,0.00120938,0.00841017,0.00120938,0.00841017,0.00120938
5.56,0.00844313,0.00119002,0.00844313,0.00119002,0.00844313,0.00119002
5.58,0.00847282,0.00117068,0.00847282,0.00117068,0.00847282,0.00117068
5.6,0.00849929,0.00115137,0.00849929,0.00115137,0.00849929,0.00115137
5.62,0.0085226,0.00113209,0.00852259,0.00113209,0.00852259,0.00113209
5.64,0.0085428,0.00111285,0.0085428,0.00111285,0.00854279,0.00111285
5.66,0.00855995,0.00109365,0.00855995,0.00109364,0.00855995,0.00109364
5.68,0.00857411,0.00107449,0.0085741,0.00107449,0.0085741,0.00107449
5.7,0.00858533,0.00105539,0.00858532,0.00105539,0.00858532,0.00105539
5.72,0.00859367,0.00103635,0.00859366,0.00103635,0.00859366,0.00103635
5.74,0.00859918,0.00101737,0.00859917,0.00101737,0.00859917,0.00101737
5.76,0.00860192,0.000998456,0.00860191,0.000998455,0.00860191,0.000998455
5.78,0.00860194,0.000979614,0.00860193,0.000979612,0.00860193,0.000979612
5.8,0.0085993,0.000960847,0.00859929,0.000960846,0.00859929,0.000960846
5.82,0.00859405,0.000942161,0.00859405,0.000942159,0.00859405,0.000942159
5.84,0.00858625,0.000923559,0.00858624,0.000923557,0.00858624,0.000923557
5.86,0.00857595,0.000905044,0.00857594,0.000905043,0.00857594,0.000905043
5.88,0.0085632,0.000886623,0.00856319,0.000886621,0.00856319,0.000886621
5.9,0.00854806,0.000868297,0.00854805,0.000868295,0.00854805,0.000868295
5.92,0.00853058,0.000850071,0.00853057,0.000850069,0.00853057,0.000850069
5.94,0.00851081,0.000831948,0.0085108,0.000831947,0.0085108,0.000831947
5.96,0.0084888,0.000813933,0.00848879,0.000813931,0.00848879,0.000813931
5.98,0.00846461,0.000796028,0.0084646,0.000796026,0.0084646,0.000796026
6,0.00843828,0.000778236,0.00843828,0.000778234,0.00843828,0.000778234
6.02,0.00840988,0.000760562,0.00840987,0.00076056,0.00840987,0.00076056
6.04,0.00837944,0.000743007,0.00837944,0.000743006,0.00837943,0.000743006
6.06,0.00834703,0.000725576,0.00834702,0.000725574,0.00834702,0.000725574
6.08,0.00831268,0.000708271,0.00831267,0.000708269,0.00831267,0.000708269
6.1,0.00827645,0.000691094,0.00827644,0.000691092,0.00827644,0.000691092
6.12,0.00823838,0.000674049,0.00823838,0.000674047,0.00823838,0.000674047
6.14,0.00819854,0.000657138,0.00819853,0.000657136,0.00819853,0.000657136
6.16,0.00815696,0.000640364,0.00815695,0.000640362,0.00815695,0.000640362
6.18,0.00811369,0.000623729,0.00811368,0.000623727,0.00811368,0.000623727
6.2,0.00806877,0.000607236,0.00806877,0.000607234,0.00806876,0.000607234
6.22,0.00802227,0.000590886,0.00802226,0.000590884,0.00802226,0.000590884
6.24,0.00797422,0.000574682,0.00797421,0.00057468,0.00797421,0.00057468
6.26,0.00792466,0.000558626,0.00792466,0.000558624,0.00792466,0.000558624
6.28,0.00787366,0.00054272,0.00787365,0.000542719,0.00787365,0.000542719
6.3,0.00782124,0.000526966,0.00782123,0.000526965,0.00782123,0.000526965
6.32,0.00776745,0.000511366,0.00776744,0.000511365,0.00776744,0.000511365
6.34,0.00771234,0.000495921,0.00771233,0.00049592,0.00771233,0.00049592
6.36,0.00765596,0.000480634,0.00765595,0.000480632,0.00765595,0.000480632
6.38,0.00759834,0.000465505,0.00759833,0.000465503,0.00759832,0.000465503
6.4,0.00753952,0.000450536,0.00753951,0.000450534,0.00753951,0.000450534
6.42,0.00747956,0.000435729,0.00747955,0.000435727,0.00747955,0.000435727
6.44,0.00741848,0.000421084,0.00741847,0.000421083,0.00741847,0.000421083
6.46,0.00735634,0.000406604,0.00735633,0.000406603,0.00735633,0.000406603
6.48,0.00729318,0.00039229,0.00729317,0.000392288,0.00729317,0.000392288
6.5,0.00722902,0.000378141,0.00722901,0.00037814,0.00722901,0.00037814
6.52,0.00716392,0.00036416,0.00716391,0.000364159,0.00716391,0.000364159
6.54,0.00709791,0.000350348,0.0070979,0.000350347,0.0070979,0.000350347
6.56,0.00703104,0.000336705,0.00703102,0.000336704,0.00703102,0.000336704
6.58,0.00696333,0.000323232,0.00696332,0.000323231,0.00696332,0.000323231
6.6,0.00689483,0.00030993,0.00689481,0.000309929,0.00689481,0.000309929
6.62,0.00682557,0.0002968,0.00682556,0.000296798,0.00682556,0.000296798
6.64,0.00675559,0.000283841,0.00675558,0.00028384,0.00675558,0.00028384
6.66,0.00668493,0.000271056,0.00668492,0.000271055,0.00668492,0.000271055
6.68,0.00661362,0.000258444,0.00661361,0.000258442,0.00661361,0.000258442
6.7,0.0065417,0.000246005,0.00654169,0.000246004,0.00654169,0.000246004
6.72,0.0064692,0.00023374,0.00646919,0.000233739,0.00646919,0.000233739
6.74,0.00639616,0.00022165,0.00639615,0.000221649,0.00639615,0.000221649
6.76,0.0063226,0.000209734,0.00632259,0.000209733,0.00632259,0.000209733
6.78,0.00624857,0.000197993,0.00624856,0.000197992,0.00624856,0.000197992
6.8,0.0061741,0.000186427,0.00617409,0.000186425,0.00617409,0.000186425
6.82,0.00609921,0.000175035,0.0060992,0.000175034,0.0060992,0.000175034
6.84,0.00602394,0.000163819,0.00602393,0.000163817,0.00602393,0.000163817
6.86,0.00594832,0.000152777,0.00594831,0.000152776,0.00594831,0.000152776
6.88,0.00587238,0.00014191,0.00587237,0.000141909,0.00587236,0.000141909
6.9,0.00579615,0.000131218,0.00579613,0.000131217,0.00579613,0.000131217
6.92,0.00571965,0.0001207,0.00571964,0.000120699,0.00571964,0.000120699
6.94,0.00564293,0.000110356,0.00564292,0.000110355,0.00564292,0.000110355
6.96,0.005566,0.000100186,0.00556599,0.000100185,0.00556599,0.000100185
6.98,0.0054889,9.01898e-05,0.00548889,9.01887e-05,0.00548889,9.01887e-05
7,0.00541165,8.03664e-05,0.00541164,8.03654e-05,0.00541164,8.03654e-05
7.02,0.00533428,7.07158e-05,0.00533427,7.07148e-05,0.00533427,7.07148e-05
7.04,0.00525681,6.12373e-05,0.0052568,6.12363e-05,0.0052568,6.12363e-05
7.06,0.00517928,5.19305e-05,0.00517927,5.19295e-05,0.00517927,5.19295e-05
7.08,0.0051017,4.27947e-05,0.00510169,4.27938e-05,0.00510169,4.27938e-05
7.1,0.0050241,3.38294e-05,0.00502409,3.38285e-05,0.00502409,3.38285e-05
7.12,0.00494651,2.50339e-05,0.0049465,2.50331e-05,0.0049465,2.50331e-05
7.14,0.00486895,1.64075e-05,0.00486894,1.64067e-05,0.00486894,1.64067e-05
7.16,0.00479144,7.94956e-06,0.00479143,7.94874e-06,0.00479143,7.94873e-06
7.18,0.004714,-3.40818e-07,0.00471399,-3.41609e-07,0.00471399,-3.41616e-07
7.2,0.00463667,-8.46438e-06,0.00463666,-8.46515e-06,0.00463666,-8.46516e-06
7.22,0.00455945,-1.6422e-05,0.00455944,-1.64227e-05,0.00455944,-1.64227e-05
7.24,0.00448238,-2.42145e-05,0.00448237,-2.42152e-05,0.00448237,-2.42152e-05
7.26,0.00440547,-3.18428e-05,0.00440546,-3.18435e-05,0.00440546,-3.18435e-05
7.28,0.00432874,-3.93079e-05,0.00432873,-3.93085e-05,0.00432873,-3.93085e-05
7.3,0.00425222,-4.66107e-05,0.00425221,-4.66113e-05,0.00425221,-4.66113e-05
7.32,0.00417592,-5.37522e-05,0.00417591,-5.37528e-05,0.00417591,-5.37528e-05
7.34,0.00409986,-6.07335e-05,0.00409985,-6.07341e-05,0.00409985,-6.07341e-05
7.36,0.00402406,-6.75556e-05,0.00402405,-6.75562e-05,0.00402405,-6.75562e-05
7.38,0.00394855,-7.42196e-05,0.00394854,-7.42202e-05,0.00394854,-7.42202e-05
7.4,0.00387332,-8.07267e-05,0.00387331,-8.07272e-05,0.00387331,-8.07272e-05
7.42,0.00379842,-8.70779e-05,0.00379841,-8.70784e-05,0.00379841,-8.70784e-05
7.44,0.00372384,-9.32745e-05,0.00372383,-9.3275e-05,0.00372383,-9.3275e-05
7.46,0.00364961,-9.93176e-05,0.0036496,-9.93181e-05,0.0036496,-9.93181e-05
7.48,0.00357574,-0.000105208,0.00357573,-0.000105209,0.00357573,-0.000105209
7.5,0.00350225,-0.000110948,0.00350224,-0.000110949,0.00350224,-0.000110949
7.52,0.00342916,-0.000116538,0.00342915,-0.000116539,0.00342915,-0.000116539
7.54,0.00335648,-0.00012198,0.00335647,-0.00012198,0.00335647,-0.00012198
7.56,0.00328421,-0.000127274,0.0032842,-0.000127275,0.0032842,-0.000127275
7.58,0.00321239,-0.000132423,0.00321238,-0.000132423,0.00321238,-0.000132423
7.6,0.00314101,-0.000137427,0.003141,-0.000137428,0.003141,-0.000137428
7.62,0.0030701,-0.000142288,0.00307009,-0.000142288,0.00307009,-0.000142288
7.64,0.00299967,-0.000147007,0.00299966,-0.000147008,0.00299966,-0.000147008
7.66,0.00292972,-0.000151586,0.00292971,-0.000151586,0.00292971,-0.000151586
7.68,0.00286027,-0.000156026,0.00286026,-0.000156026,0.00286026,-0.000156026
7.7,0.00279133,-0.000160328,0.00279132,-0.000160328,0.00279132,-0.000160328
7.72,0.00272292,-0.000164494,0.00272291,-0.000164495,0.00272291,-0.000164495
7.74,0.00265504,-0.000168526,0.00265503,-0.000168526,0.00265503,-0.000168526
7.76,0.0025877,-0.000172424,0.00258769,-0.000172424,0.00258769,-0.000172424
7.78,0.00252092,-0.000176191,0.00252091,-0.000176191,0.00252091,-0.000176191
7.8,0.0024547,-0.000179827,0.00245469,-0.000179827,0.00245469,-0.000179827
7.82,0.00238905,-0.000183334,0.00238904,-0.000183334,0.00238904,-0.000183334
7.84,0.00232398,-0.000186714,0.00232397,-0.000186715,0.00232397,-0.000186715
7.86,0.0022595,-0.000189969,0.00225949,-0.000189969,0.00225949,-0.000189969
7.88,0.00219562,-0.000193099,0.00219561,-0.000193099,0.00219561,-0.000193099
7.9,0.00213234,-0.000196107,0.00213233,-0.000196107,0.00213233,-0.000196107
7.92,0.00206968,-0.000198993,0.00206967,-0.000198993,0.00206967,-0.000198993
7.94,0.00200763,-0.00020176,0.00200762,-0.00020176,0.00200762,-0.00020176
7.96,0.00194621,-0.000204409,0.00194621,-0.000204409,0.00194621,-0.000204409
7.98,0.00188543,-0.000206941,0.00188542,-0.000206941,0.00188542,-0.000206941
8,0.00182528,-0.000209358,0.00182527,-0.000209358,0.00182527,-0.000209358
8.02,0.00176578,-0.000211662,0.00176577,-0.000211662,0.00176577,-0.000211662
8.04,0.00170693,-0.000213854,0.00170692,-0.000213854,0.00170692,-0.000213854
8.06,0.00164873,-0.000215936,0.00164872,-0.000215936,0.00164872,-0.000215936
8.08,0.0015912,-0.000217909,0.00159119,-0.000217909,0.00159119,-0.000217909
8.1,0.00153432,-0.000219775,0.00153432,-0.000219775,0.00153432,-0.000219775
8.12,0.00147812,-0.000221535,0.00147811,-0.000221535,0.00147811,-0.000221535
8.14,0.00142259,-0.000223192,0.00142258,-0.000223192,0.00142258,-0.000223192
8.16,0.00136774,-0.000224746,0.00136773,-0.000224746,0.00136773,-0.000224746
8.18,0.00131356,-0.000226199,0.00131356,-0.000226199,0.00131356,-0.000226199
8.2,0.00126007,-0.000227553,0.00126006,-0.000227553,0.00126006,-0.000227553
8.22,0.00120727,-0.00022881,0.00120726,-0.00022881,0.00120726,-0.00022881
8.24,0.00115515,-0.00022997,0.00115514,-0.00022997,0.00115514,-0.00022997
8.26,0.00110372,-0.000231036,0.00110371,-0.000231036,0.00110371,-0.000231036
8.28,0.00105299,-0.000232009,0.00105298,-0.000232009,0.00105298,-0.000232009
8.3,0.00100295,-0.000232891,0.00100294,-0.000232891,0.00100294,-0.000232891
8.32,0.000953603,-0.000233683,0.000953597,-0.000233683,0.000953597,-0.000233683
8.34,0.000904956,-0.000234386,0.00090495,-0.000234386,0.00090495,-0.000234386
8.36,0.000857007,-0.000235003,0.000857001,-0.000235003,0.000857002,-0.000235003
8.38,0.000809758,-0.000235535,0.000809752,-0.000235535,0.000809752,-0.000235535
8.4,0.000763207,-0.000235983,0.000763202,-0.000235983,0.000763202,-0.000235983
8.42,0.000717357,-0.000236349,0.000717352,-0.000236349,0.000717352,-0.000236349
8.44,0.000672207,-0.000236635,0.000672201,-0.000236635,0.000672201,-0.000236635
8.46,0.000627756,-0.000236842,0.000627751,-0.000236842,0.000627751,-0.000236842
8.48,0.000584005,-0.000236971,0.000584,-0.000236971,0.000584,-0.000236971
8.5,0.000540954,-0.000237024,0.000540949,-0.000237024,0.000540949,-0.000237024
8.52,0.0004986,-0.000237003,0.000498595,-0.000237003,0.000498595,-0.000237003
8.54,0.000456944,-0.000236909,0.000456939,-0.000236909,0.000456939,-0.000236909
8.56,0.000415984,-0.000236744,0.000415979,-0.000236744,0.000415979,-0.000236744
8.58,0.000375719,-0.000236509,0.000375714,-0.000236508,0.000375714,-0.000236508
8.6,0.000336147,-0.000236205,0.000336143,-0.000236205,0.000336143,-0.000236205
8.62,0.000297268,-0.000235834,0.000297263,-0.000235834,0.000297263,-0.000235834
8.64,0.000259077,-0.000235398,0.000259073,-0.000235398,0.000259073,-0.000235398
8.66,0.000221575,-0.000234897,0.000221571,-0.000234897,0.000221571,-0.000234897
8.68,0.000184758,-0.000234334,0.000184754,-0.000234334,0.000184754,-0.000234334
8.7,0.000148625,-0.00023371,0.000148621,-0.00023371,0.000148621,-0.00023371
8.72,0.000113172,-0.000233026,0.000113168,-0.000233026,0.000113168,-0.000233026
8.74,7.83966e-05,-0.000232284,7.83927e-05,-0.000232284,7.83928e-05,-0.000232284
8.76,4.42964e-05,-0.000231485,4.42927e-05,-0.000231485,4.42928e-05,-0.000231484
8.78,1.08683e-05,-0.00023063,1.08646e-05,-0.00023063,1.08647e-05,-0.00023063
8.8,-2.18911e-05,-0.000229721,-2.18946e-05,-0.000229721,-2.18945e-05,-0.000229721
8.82,-5.39849e-05,-0.000228759,-5.39884e-05,-0.000228759,-5.39882e-05,-0.000228759
8.84,-8.54166e-05,-0.000227746,-8.542e-05,-0.000227746,-8.54199e-05,-0.000227746
8.86,-0.00011619,-0.000226683,-0.000116193,-0.000226682,-0.000116193,-0.000226682
8.88,-0.000146308,-0.00022557,-0.000146312,-0.00022557,-0.000146312,-0.00022557
8.9,-0.000175776,-0.000224411,-0.000175779,-0.000224411,-0.000175779,-0.000224411
8.92,-0.000204597,-0.000223205,-0.0002046,-0.000223205,-0.0002046,-0.000223205
8.94,-0.000232775,-0.000221955,-0.000232778,-0.000221954,-0.000232777,-0.000221954
8.96,-0.000260314,-0.000220661,-0.000260317,-0.00022066,-0.000260317,-0.00022066
8.98,-0.000287219,-0.000219324,-0.000287222,-0.000219324,-0.000287221,-0.000219324
9,-0.000313494,-0.000217947,-0.000313497,-0.000217947,-0.000313496,-0.000217947
9.02,-0.000339143,-0.00021653,-0.000339146,-0.00021653,-0.000339146,-0.00021653
9.04,-0.000364172,-0.000215075,-0.000364175,-0.000215074,-0.000364175,-0.000215074
9.06,-0.000388585,-0.000213582,-0.000388588,-0.000213581,-0.000388588,-0.000213581
9.08,-0.000412387,-0.000212053,-0.00041239,-0.000212053,-0.000412389,-0.000212053
9.1,-0.000435583,-0.000210489,-0.000435585,-0.000210489,-0.000435585,-0.000210489
9.12,-0.000458177,-0.000208892,-0.000458179,-0.000208891,-0.000458179,-0.000208891
9.14,-0.000480175,-0.000207262,-0.000480178,-0.000207261,-0.000480177,-0.000207261
9.16,-0.000501583,-0.0002056,-0.000501585,-0.0002056,-0.000501585,-0.0002056
9.18,-0.000522404,-0.000203909,-0.000522406,-0.000203908,-0.000522406,-0.000203908
9.2,-0.000542646,-0.000202188,-0.000542648,-0.000202188,-0.000542648,-0.000202188
9.22,-0.000562312,-0.000200439,-0.000562314,-0.000200439,-0.000562314,-0.000200439
9.24,-0.000581409,-0.000198664,-0.000581411,-0.000198664,-0.000581411,-0.000198664
9.26,-0.000599942,-0.000196863,-0.000599944,-0.000196862,-0.000599944,-0.000196862
9.28,-0.000617917,-0.000195037,-0.000617918,-0.000195037,-0.000617918,-0.000195037
9.3,-0.000635339,-0.000193187,-0.00063534,-0.000193187,-0.00063534,-0.000193187
9.32,-0.000652214,-0.000191315,-0.000652215,-0.000191315,-0.000652215,-0.000191315
9.34,-0.000668548,-0.000189421,-0.000668549,-0.000189421,-0.000668549,-0.000189421
9.36,-0.000684347,-0.000187507,-0.000684348,-0.000187507,-0.000684348,-0.000187507
9.38,-0.000699616,-0.000185573,-0.000699617,-0.000185573,-0.000699617,-0.000185573
9.4,-0.000714362,-0.000183621,-0.000714363,-0.000183621,-0.000714363,-0.000183621
9.42,-0.00072859,-0.000181651,-0.000728591,-0.000181651,-0.000728591,-0.000181651
9.44,-0.000742306,-0.000179665,-0.000742307,-0.000179664,-0.000742307,-0.000179664
9.46,-0.000755517,-0.000177663,-0.000755518,-0.000177662,-0.000755518,-0.000177662
9.48,-0.000768229,-0.000175646,-0.00076823,-0.000175645,-0.00076823,-0.000175645
9.5,-0.000780447,-0.000173615,-0.000780448,-0.000173615,-0.000780448,-0.000173615
9.52,-0.000792178,-0.000171572,-0.000792179,-0.000171571,-0.000792179,-0.000171571
9.54,-0.000803428,-0.000169516,-0.000803429,-0.000169516,-0.000803429,-0.000169516
9.56,-0.000814204,-0.000167449,-0.000814204,-0.000167449,-0.000814204,-0.000167449
9.58,-0.00082451,-0.000165372,-0.000824511,-0.000165372,-0.000824511,-0.000165372
9.6,-0.000834354,-0.000163286,-0.000834355,-0.000163286,-0.000834355,-0.000163286
9.62,-0.000843743,-0.000161191,-0.000843743,-0.000161191,-0.000843743,-0.000161191
9.64,-0.000852681,-0.000159089,-0.000852681,-0.000159088,-0.000852681,-0.000159088
9.66,-0.000861175,-0.000156979,-0.000861176,-0.000156979,-0.000861175,-0.000156979
9.68,-0.000869233,-0.000154863,-0.000869233,-0.000154863,-0.000869233,-0.000154863
9.7,-0.000876859,-0.000152742,-0.000876859,-0.000152742,-0.000876859,-0.000152742
9.72,-0.000884061,-0.000150616,-0.000884061,-0.000150616,-0.000884061,-0.000150616
9.74,-0.000890844,-0.000148487,-0.000890844,-0.000148486,-0.000890844,-0.000148486
9.76,-0.000897215,-0.000146354,-0.000897215,-0.000146354,-0.000897215,-0.000146354
9.78,-0.000903181,-0.000144219,-0.000903181,-0.000144219,-0.000903181,-0.000144219
9.8,-0.000908747,-0.000142082,-0.000908747,-0.000142082,-0.000908747,-0.000142082
9.82,-0.00091392,-0.000139944,-0.00091392,-0.000139944,-0.000913919,-0.000139944
9.84,-0.000918706,-0.000137806,-0.000918706,-0.000137806,-0.000918705,-0.000137806
9.86,-0.000923111,-0.000135668,-0.000923111,-0.000135668,-0.000923111,-0.000135668
9.88,-0.000927143,-0.000133532,-0.000927142,-0.000133531,-0.000927142,-0.000133531
9.9,-0.000930806,-0.000131396,-0.000930806,-0.000131396,-0.000930806,-0.000131396
9.92,-0.000934108,-0.000129264,-0.000934107,-0.000129263,-0.000934107,-0.000129263
9.94,-0.000937054,-0.000127134,-0.000937054,-0.000127133,-0.000937053,-0.000127133
9.96,-0.000939651,-0.000125007,-0.000939651,-0.000125007,-0.00093965,-0.000125007
9.98,-0.000941905,-0.000122885,-0.000941905,-0.000122884,-0.000941904,-0.000122884
